Date,Views
2020-06-28,1
2020-06-29,72
2020-06-30,76
2020-07-01,70
2020-07-02,57
2020-07-03,49
2020-07-04,34
2020-07-05,53
2020-07-06,24
2020-07-07,1
2020-07-08,2
2020-07-09,3
2020-07-10,0
2020-07-11,1
2020-07-12,0
2020-07-13,61
2020-07-14,99
2020-07-15,32
2020-07-16,54
2020-07-17,24
2020-07-18,14
2020-07-19,9
2020-07-20,39
2020-07-21,18
2020-07-22,24
2020-07-23,94
2020-07-24,55
2020-07-25,32
2020-07-26,24
2020-07-27,26
2020-07-28,39
2020-07-29,23
2020-07-30,26
2020-07-31,10
2020-08-01,4
2020-08-02,6
2020-08-03,24
2020-08-04,20
2020-08-05,108
2020-08-06,41
2020-08-07,26
2020-08-08,11
2020-08-09,26
2020-08-10,44
2020-08-11,75
2020-08-12,55
2020-08-13,41
2020-08-14,18
2020-08-15,17
2020-08-16,14
2020-08-17,20
2020-08-18,18
2020-08-19,23
2020-08-20,25
2020-08-21,15
2020-08-22,1
2020-08-23,4
2020-08-24,15
2020-08-25,27
2020-08-26,18
2020-08-27,20
2020-08-28,15
2020-08-29,3
2020-08-30,10
2020-08-31,22
2020-09-01,38
2020-09-02,24
2020-09-03,42
2020-09-04,21
2020-09-05,20
2020-09-06,30
2020-09-07,16
2020-09-08,30
2020-09-09,34
2020-09-10,10
2020-09-11,16
2020-09-12,12
2020-09-13,3
2020-09-14,31
2020-09-15,20
2020-09-16,16
2020-09-17,48
2020-09-18,32
2020-09-19,51
2020-09-20,30
2020-09-21,53
2020-09-22,67
2020-09-23,39
2020-09-24,57
2020-09-25,34
2020-09-26,21
2020-09-27,20
2020-09-28,27
2020-09-29,33
2020-09-30,30
2020-10-01,32
2020-10-02,12
2020-10-03,16
2020-10-04,19
2020-10-05,9
2020-10-06,19
2020-10-07,14
2020-10-08,21
2020-10-09,4
2020-10-10,13
2020-10-11,13
2020-10-12,10
2020-10-13,17
2020-10-14,34
2020-10-15,15
2020-10-16,32
2020-10-17,5
2020-10-18,11
2020-10-19,0
2020-10-20,6
2020-10-21,3
2020-10-22,4
2020-10-23,3
2020-10-24,2
2020-10-25,9
2020-10-26,13
2020-10-27,7
2020-10-28,0
2020-10-29,4
2020-10-30,1
2020-10-31,1
2020-11-01,5
2020-11-02,3
2020-11-03,0
2020-11-04,4
2020-11-05,0
2020-11-06,3
2020-11-07,3
2020-11-08,4
2020-11-09,19
2020-11-10,1
2020-11-11,3
2020-11-12,0
2020-11-13,2
2020-11-14,0
2020-11-15,0
2020-11-16,0
2020-11-17,2
2020-11-18,1
2020-11-19,0
2020-11-20,1
2020-11-21,0
2020-11-22,1
2020-11-23,1
2020-11-24,0
2020-11-25,4
2020-11-26,0
2020-11-27,0
2020-11-28,0
2020-11-29,2
2020-11-30,5
2020-12-01,5
2020-12-02,0
2020-12-03,1
2020-12-04,4
2020-12-05,2
2020-12-06,0
2020-12-07,0
2020-12-08,4
2020-12-09,1
2020-12-10,0
2020-12-11,3
2020-12-12,1
2020-12-13,4
2020-12-14,0
2020-12-15,0
2020-12-16,13
2020-12-17,6
2020-12-18,7
2020-12-19,0
2020-12-20,0
2020-12-21,2
2020-12-22,2
2020-12-23,0
2020-12-24,4
2020-12-25,1
2020-12-26,3
2020-12-27,3
2020-12-28,1
2020-12-29,4
2020-12-30,0
2020-12-31,1
2021-01-01,0
2021-01-02,0
2021-01-03,1
2021-01-04,3
2021-01-05,5
2021-01-06,5
2021-01-07,0
2021-01-08,2
2021-01-09,1
2021-01-10,2
2021-01-11,1
2021-01-12,0
2021-01-13,1
2021-01-14,1
2021-01-15,0
2021-01-16,2
2021-01-17,0
2021-01-18,1
2021-01-19,1
2021-01-20,0
2021-01-21,1
2021-01-22,0
2021-01-23,0
2021-01-24,0
2021-01-25,2
2021-01-26,0
2021-01-27,5
2021-01-28,5
2021-01-29,0
2021-01-30,3
2021-01-31,1
2021-02-01,6
2021-02-02,1
2021-02-03,5
2021-02-04,0
2021-02-05,0
2021-02-06,2
2021-02-07,1
2021-02-08,2
2021-02-09,2
2021-02-10,1
2021-02-11,1
2021-02-12,1
2021-02-13,1
2021-02-14,0
2021-02-15,4
2021-02-16,2
2021-02-17,3
2021-02-18,2
2021-02-19,2
2021-02-20,0
2021-02-21,0
2021-02-22,3
2021-02-23,8
2021-02-24,3
2021-02-25,1
2021-02-26,1
2021-02-27,0
2021-02-28,1
2021-03-01,8
2021-03-02,1
2021-03-03,2
2021-03-04,2
2021-03-05,2
2021-03-06,8
2021-03-07,7
2021-03-08,4
2021-03-09,2
2021-03-10,2
2021-03-11,0
2021-03-12,0
2021-03-13,2
2021-03-14,1
2021-03-15,2
2021-03-16,0
2021-03-17,8
2021-03-18,2
2021-03-19,0
2021-03-20,1
2021-03-21,2
2021-03-22,1
2021-03-23,1
2021-03-24,3
2021-03-25,3
2021-03-26,1
2021-03-27,3
2021-03-28,1
2021-03-29,2
2021-03-30,3
2021-03-31,0
2021-04-01,3
2021-04-02,0
2021-04-03,0
2021-04-04,2
2021-04-05,2
2021-04-06,1
2021-04-07,2
2021-04-08,1
2021-04-09,0
2021-04-10,2
2021-04-11,2
2021-04-12,0
2021-04-13,1
2021-04-14,0
2021-04-15,3
2021-04-16,6
2021-04-17,2
2021-04-18,0
2021-04-19,2
2021-04-20,3
2021-04-21,2
2021-04-22,2
2021-04-23,3
2021-04-24,2
2021-04-25,29
2021-04-26,6
2021-04-27,1
2021-04-28,1
2021-04-29,1
2021-04-30,1
2021-05-01,0
2021-05-02,0
2021-05-03,5
2021-05-04,10
2021-05-05,2
2021-05-06,6
2021-05-07,0
2021-05-08,0
2021-05-09,0
2021-05-10,1
2021-05-11,1
2021-05-12,6
2021-05-13,1
2021-05-14,1
2021-05-15,1
2021-05-16,6
2021-05-17,1
2021-05-18,0
2021-05-19,2
2021-05-20,2
2021-05-21,0
2021-05-22,2
2021-05-23,2
2021-05-24,3
2021-05-25,1
2021-05-26,1
2021-05-27,0
2021-05-28,1
2021-05-29,3
2021-05-30,2
2021-05-31,2
2021-06-01,3
2021-06-02,3
2021-06-03,1
2021-06-04,9
2021-06-05,1
2021-06-06,1
2021-06-07,1
2021-06-08,1
2021-06-09,16
2021-06-10,6
2021-06-11,0
2021-06-12,3
2021-06-13,1
2021-06-14,6
2021-06-15,3
2021-06-16,26
2021-06-17,15
2021-06-18,0
2021-06-19,63
2021-06-20,35
2021-06-21,181
2021-06-22,136
2021-06-23,123
2021-06-24,121
2021-06-25,169
2021-06-26,113
2021-06-27,70
2021-06-28,80
2021-06-29,59
2021-06-30,37
2021-07-01,28
2021-07-02,32
2021-07-03,12
2021-07-04,27
2021-07-05,13
2021-07-06,15
2021-07-07,21
2021-07-08,7
2021-07-09,31
2021-07-10,17
2021-07-11,19
2021-07-12,120
2021-07-13,109
2021-07-14,78
2021-07-15,71
2021-07-16,54
2021-07-17,21
2021-07-18,18
2021-07-19,59
2021-07-20,32
2021-07-21,51
2021-07-22,82
2021-07-23,51
2021-07-24,40
2021-07-25,5
2021-07-26,33
2021-07-27,31
2021-07-28,52
2021-07-29,87
2021-07-30,49
2021-07-31,10
2021-08-01,7
2021-08-02,78
2021-08-03,83
2021-08-04,16
2021-08-05,17
2021-08-06,9
2021-08-07,15
2021-08-08,8
2021-08-09,45
2021-08-10,26
2021-08-11,30
2021-08-12,5
2021-08-13,12
2021-08-14,3
2021-08-15,5
2021-08-16,41
2021-08-17,84
2021-08-18,59
2021-08-19,44
2021-08-20,41
2021-08-21,11
2021-08-22,8
2021-08-23,28
2021-08-24,26
2021-08-25,28
2021-08-26,43
2021-08-27,21
2021-08-28,11
2021-08-29,7
2021-08-30,38
2021-08-31,29
2021-09-01,16
2021-09-02,7
2021-09-03,16
2021-09-04,12
2021-09-05,5
2021-09-06,51
2021-09-07,25
2021-09-08,26
2021-09-09,14
2021-09-10,31
2021-09-11,6
2021-09-12,8
2021-09-13,5
2021-09-14,11
2021-09-15,34
2021-09-16,12
2021-09-17,20
2021-09-18,6
2021-09-19,1
2021-09-20,14
2021-09-21,10
2021-09-22,24
2021-09-23,21
2021-09-24,28
2021-09-25,20
2021-09-26,8
2021-09-27,18
2021-09-28,8
2021-09-29,10
2021-09-30,31
2021-10-01,25
2021-10-02,24
2021-10-03,6
2021-10-04,3
2021-10-05,16
2021-10-06,29
2021-10-07,11
2021-10-08,6
2021-10-09,11
2021-10-10,3
2021-10-11,10
2021-10-12,7
2021-10-13,7
2021-10-14,2
2021-10-15,0
2021-10-16,0
2021-10-17,4
2021-10-18,0
2021-10-19,5
2021-10-20,8
2021-10-21,1
2021-10-22,9
2021-10-23,2
2021-10-24,1
2021-10-25,125
2021-10-26,171
2021-10-27,170
2021-10-28,7
2021-10-29,9
2021-10-30,2
2021-10-31,7
2021-11-01,1
2021-11-02,1
2021-11-03,5
2021-11-04,6
2021-11-05,11
2021-11-06,0
2021-11-07,4
2021-11-08,7
2021-11-09,2
2021-11-10,81
2021-11-11,84
2021-11-12,0
2021-11-13,1
2021-11-14,1
2021-11-15,9
2021-11-16,3
2021-11-17,6
2021-11-18,3
2021-11-19,0
2021-11-20,6
2021-11-21,0
2021-11-22,0
2021-11-23,9
2021-11-24,2
2021-11-25,4
2021-11-26,0
2021-11-27,0
2021-11-28,2
2021-11-29,1
2021-11-30,3
2021-12-01,2
2021-12-02,1
2021-12-03,0
2021-12-04,1
2021-12-05,3
2021-12-06,4
2021-12-07,3
2021-12-08,4
2021-12-09,0
2021-12-10,2
2021-12-11,0
2021-12-12,4
2021-12-13,0
2021-12-14,1
2021-12-15,7
2021-12-16,2
2021-12-17,5
2021-12-18,5
2021-12-19,2
2021-12-20,0
2021-12-21,0
2021-12-22,1
2021-12-23,1
2021-12-24,2
2021-12-25,0
2021-12-26,3
2021-12-27,1
2021-12-28,0
2021-12-29,1
2021-12-30,1
2021-12-31,1
2022-01-01,2
2022-01-02,6
2022-01-03,0
2022-01-04,1
2022-01-05,5
2022-01-06,5
2022-01-07,5
2022-01-08,3
2022-01-09,0
2022-01-10,2
2022-01-11,1
2022-01-12,1
2022-01-13,1
2022-01-14,4
2022-01-15,2
2022-01-16,1
2022-01-17,8
2022-01-18,6
2022-01-19,3
2022-01-20,0
2022-01-21,0
2022-01-22,3
2022-01-23,4
2022-01-24,1
2022-01-25,4
2022-01-26,4
2022-01-27,0
2022-01-28,5
2022-01-29,0
2022-01-30,1
2022-01-31,3
2022-02-01,0
2022-02-02,4
2022-02-03,3
2022-02-04,2
2022-02-05,1
2022-02-06,5
2022-02-07,1
2022-02-08,4
2022-02-09,2
2022-02-10,1
2022-02-11,10
2022-02-12,8
2022-02-13,2
2022-02-14,5
2022-02-15,1
2022-02-16,4
2022-02-17,7
2022-02-18,3
2022-02-19,2
2022-02-20,7
2022-02-21,35
2022-02-22,40
2022-02-23,7
2022-02-24,3
2022-02-25,2
2022-02-26,1
2022-02-27,22
2022-02-28,24
2022-03-01,27
2022-03-02,8
2022-03-03,11
2022-03-04,19
2022-03-05,16
2022-03-06,6
2022-03-07,17
2022-03-08,2
2022-03-09,5
2022-03-10,5
2022-03-11,3
2022-03-12,2
2022-03-13,3
2022-03-14,10
2022-03-15,8
2022-03-16,6
2022-03-17,12
2022-03-18,1
2022-03-19,3
2022-03-20,3
2022-03-21,2
2022-03-22,3
2022-03-23,5
2022-03-24,3
2022-03-25,4
2022-03-26,20
2022-03-27,8
2022-03-28,11
2022-03-29,13
2022-03-30,7
2022-03-31,16
2022-04-01,10
2022-04-02,7
2022-04-03,6
2022-04-04,23
2022-04-05,13
2022-04-06,12
2022-04-07,8
2022-04-08,9
2022-04-09,13
2022-04-10,6
2022-04-11,3
2022-04-12,14
2022-04-13,9
2022-04-14,7
2022-04-15,5
2022-04-16,4
2022-04-17,7
2022-04-18,5
2022-04-19,13
2022-04-20,7
2022-04-21,43
2022-04-22,12
2022-04-23,2
2022-04-24,39
2022-04-25,27
2022-04-26,65
2022-04-27,82
2022-04-28,55
2022-04-29,24
2022-04-30,84
2022-05-01,62
2022-05-02,46
2022-05-03,41
2022-05-04,33
2022-05-05,7
2022-05-06,38
2022-05-07,10
2022-05-08,38
2022-05-09,38
2022-05-10,77
2022-05-11,74
2022-05-12,66
2022-05-13,23
2022-05-14,21
2022-05-15,35
2022-05-16,45
2022-05-17,48
2022-05-18,80
2022-05-19,53
2022-05-20,34
2022-05-21,19
2022-05-22,22
2022-05-23,29
2022-05-24,23
2022-05-25,15
2022-05-26,44
2022-05-27,41
2022-05-28,6
2022-05-29,23
2022-05-30,29
2022-05-31,19
2022-06-01,41
2022-06-02,28
2022-06-03,16
2022-06-04,17
2022-06-05,15
2022-06-06,4
2022-06-07,34
2022-06-08,17
2022-06-09,9
2022-06-10,26
2022-06-11,19
2022-06-12,33
2022-06-13,58
2022-06-14,70
2022-06-15,78
2022-06-16,33
2022-06-17,62
2022-06-18,37
2022-06-19,23
2022-06-20,46
2022-06-21,72
2022-06-22,89
2022-06-23,69
2022-06-24,48
2022-06-25,38
2022-06-26,24
2022-06-27,36
2022-06-28,58
2022-06-29,57
2022-06-30,47
2022-07-01,76
2022-07-02,31
2022-07-03,45
2022-07-04,24
2022-07-05,37
2022-07-06,111
2022-07-07,109
2022-07-08,51
2022-07-09,46
2022-07-10,38
2022-07-11,41
2022-07-12,58
2022-07-13,64
2022-07-14,72
2022-07-15,42
2022-07-16,48
2022-07-17,19
2022-07-18,37
2022-07-19,43
2022-07-20,49
2022-07-21,70
2022-07-22,69
2022-07-23,42
2022-07-24,42
2022-07-25,83
2022-07-26,48
2022-07-27,46
2022-07-28,53
2022-07-29,53
2022-07-30,64
2022-07-31,102
2022-08-01,72
2022-08-02,32
2022-08-03,29
2022-08-04,94
2022-08-05,20
2022-08-06,79
2022-08-07,84
2022-08-08,363
2022-08-09,311
2022-08-10,162
2022-08-11,149
2022-08-12,164
2022-08-13,83
2022-08-14,40
2022-08-15,78
2022-08-16,86
2022-08-17,35
2022-08-18,95
2022-08-19,53
2022-08-20,37
2022-08-21,110
2022-08-22,64
2022-08-23,97
2022-08-24,83
2022-08-25,79
2022-08-26,53
2022-08-27,38
2022-08-28,23
2022-08-29,85
2022-08-30,60
2022-08-31,73
2022-09-01,88
2022-09-02,94
2022-09-03,26
2022-09-04,76
2022-09-05,37
2022-09-06,141
2022-09-07,65
2022-09-08,40
2022-09-09,41
2022-09-10,26
2022-09-11,35
2022-09-12,63
2022-09-13,75
2022-09-14,64
2022-09-15,105
2022-09-16,81
2022-09-17,48
2022-09-18,31
2022-09-19,30
2022-09-20,95
2022-09-21,56
2022-09-22,109
2022-09-23,59
2022-09-24,57
2022-09-25,179
2022-09-26,367
2022-09-27,161
2022-09-28,101
2022-09-29,97
2022-09-30,84
2022-10-01,38
2022-10-02,33
2022-10-03,79
2022-10-04,103
2022-10-05,82
2022-10-06,57
2022-10-07,50
2022-10-08,34
2022-10-09,98
2022-10-10,37
2022-10-11,93
2022-10-12,61
2022-10-13,35
2022-10-14,50
2022-10-15,30
2022-10-16,25
2022-10-17,9
2022-10-18,25
2022-10-19,31
2022-10-20,11
2022-10-21,35
2022-10-22,54
2022-10-23,13
2022-10-24,29
2022-10-25,57
2022-10-26,85
2022-10-27,66
2022-10-28,52
2022-10-29,38
2022-10-30,20
2022-10-31,77
2022-11-01,80
2022-11-02,52
2022-11-03,51
2022-11-04,35
2022-11-05,18
2022-11-06,29
2022-11-07,63
2022-11-08,25
2022-11-09,63
2022-11-10,17
2022-11-11,36
2022-11-12,19
2022-11-13,40
2022-11-14,53
2022-11-15,15
2022-11-16,18
2022-11-17,39
2022-11-18,26
2022-11-19,9
2022-11-20,8
2022-11-21,6
2022-11-22,4
2022-11-23,15
2022-11-24,6
2022-11-25,4
2022-11-26,6
2022-11-27,0
2022-11-28,33
2022-11-29,20
2022-11-30,4
2022-12-01,6
2022-12-02,15
2022-12-03,6
2022-12-04,8
2022-12-05,6
2022-12-06,4
2022-12-07,3
2022-12-08,5
2022-12-09,6
2022-12-10,10
2022-12-11,6
2022-12-12,5
2022-12-13,4
2022-12-14,8
2022-12-15,9
2022-12-16,3
2022-12-17,3
2022-12-18,4
2022-12-19,14
2022-12-20,3
2022-12-21,1
2022-12-22,5
2022-12-23,5
2022-12-24,0
2022-12-25,2
2022-12-26,7
2022-12-27,4
2022-12-28,6
2022-12-29,4
2022-12-30,3
2022-12-31,0
2023-01-01,6
2023-01-02,4
2023-01-03,14
2023-01-04,75
2023-01-05,9
2023-01-06,5
2023-01-07,3
2023-01-08,2
2023-01-09,6
2023-01-10,1
2023-01-11,3
2023-01-12,6
2023-01-13,4
2023-01-14,5
2023-01-15,4
2023-01-16,11
2023-01-17,15
2023-01-18,8
2023-01-19,4
2023-01-20,5
2023-01-21,4
2023-01-22,18
2023-01-23,23
2023-01-24,41
2023-01-25,47
2023-01-26,47
2023-01-27,31
2023-01-28,15
2023-01-29,7
2023-01-30,13
2023-01-31,6
2023-02-01,6
2023-02-02,3
2023-02-03,3
2023-02-04,5
2023-02-05,5
2023-02-06,1
2023-02-07,4
2023-02-08,4
2023-02-09,2
2023-02-10,3
2023-02-11,16
2023-02-12,3
2023-02-13,0
2023-02-14,4
2023-02-15,1
2023-02-16,3
2023-02-17,2
2023-02-18,3
2023-02-19,3
2023-02-20,5
2023-02-21,4
2023-02-22,2
2023-02-23,5
2023-02-24,1
2023-02-25,71
2023-02-26,6
2023-02-27,4
2023-02-28,1
2023-03-01,1
2023-03-02,5
2023-03-03,4
2023-03-04,2
2023-03-05,4
2023-03-06,7
2023-03-07,3
2023-03-08,17
2023-03-09,7
2023-03-10,20
2023-03-11,1
2023-03-12,4
2023-03-13,7
2023-03-14,3
2023-03-15,1
2023-03-16,13
2023-03-17,1
2023-03-18,1
2023-03-19,0
2023-03-20,5
2023-03-21,2
2023-03-22,2
2023-03-23,2
2023-03-24,5
2023-03-25,1
2023-03-26,0
2023-03-27,2
2023-03-28,2
2023-03-29,6
2023-03-30,3
2023-03-31,2
2023-04-01,5
2023-04-02,1
2023-04-03,5
2023-04-04,2
2023-04-05,2
2023-04-06,1
2023-04-07,3
2023-04-08,0
2023-04-09,2
2023-04-10,3
2023-04-11,3
2023-04-12,1
2023-04-13,3
2023-04-14,2
2023-04-15,8
2023-04-16,7
2023-04-17,10
2023-04-18,14
2023-04-19,3
2023-04-20,4
2023-04-21,4
2023-04-22,6
2023-04-23,2
2023-04-24,0
2023-04-25,14
2023-04-26,7
2023-04-27,6
2023-04-28,6
2023-04-29,0
2023-04-30,3
2023-05-01,9
2023-05-02,1
2023-05-03,5
2023-05-04,3
2023-05-05,2
2023-05-06,2
2023-05-07,1
2023-05-08,2
2023-05-09,5
2023-05-10,1
2023-05-11,2
2023-05-12,19
2023-05-13,2
2023-05-14,0
2023-05-15,3
2023-05-16,2
2023-05-17,11
2023-05-18,8
2023-05-19,5
2023-05-20,2
2023-05-21,5
2023-05-22,7
2023-05-23,1
2023-05-24,9
2023-05-25,1
2023-05-26,9
2023-05-27,2
2023-05-28,1
2023-05-29,2
2023-05-30,11
2023-05-31,4
2023-06-01,1
2023-06-02,2
2023-06-03,9
2023-06-04,3
2023-06-05,4
2023-06-06,4
2023-06-07,0
2023-06-08,6
2023-06-09,2
2023-06-10,2
2023-06-11,3
2023-06-12,5
2023-06-13,2
2023-06-14,7
2023-06-15,1
2023-06-16,6
2023-06-17,0
2023-06-18,1
2023-06-19,2
2023-06-20,3
2023-06-21,2
2023-06-22,2
2023-06-23,1
2023-06-24,2
2023-06-25,2
2023-06-26,6
2023-06-27,2
2023-06-28,11
2023-06-29,1
2023-06-30,0
2023-07-01,2
2023-07-02,2
2023-07-03,11
2023-07-04,5
2023-07-05,5
2023-07-06,1
2023-07-07,7
2023-07-08,1
2023-07-09,3
2023-07-10,1
2023-07-11,0
2023-07-12,4
2023-07-13,2
2023-07-14,0
2023-07-15,2
2023-07-16,3
2023-07-17,10
2023-07-18,7
2023-07-19,10
2023-07-20,3
2023-07-21,2
2023-07-22,10
2023-07-23,0
2023-07-24,6
2023-07-25,6
2023-07-26,13
2023-07-27,4
2023-07-28,0
2023-07-29,1
2023-07-30,4
2023-07-31,8
2023-08-01,2
2023-08-02,4
2023-08-03,6
2023-08-04,4
2023-08-05,0
2023-08-06,2
2023-08-07,2
2023-08-08,3
2023-08-09,4
2023-08-10,1
2023-08-11,22
2023-08-12,0
2023-08-13,1
2023-08-14,18
2023-08-15,2
2023-08-16,1
2023-08-17,3
2023-08-18,0
2023-08-19,1
2023-08-20,0
2023-08-21,4
2023-08-22,1
2023-08-23,10
2023-08-24,2
2023-08-25,5
2023-08-26,0
2023-08-27,2
2023-08-28,1
2023-08-29,3
2023-08-30,4
2023-08-31,7
2023-09-01,5
2023-09-02,4
2023-09-03,2
2023-09-04,3
2023-09-05,3
2023-09-06,9
2023-09-07,2
2023-09-08,3
2023-09-09,9
2023-09-10,2
2023-09-11,7
2023-09-12,1
2023-09-13,1
2023-09-14,3
2023-09-15,6
2023-09-16,2
2023-09-17,3
2023-09-18,4
2023-09-19,5
2023-09-20,7
2023-09-21,4
2023-09-22,18
2023-09-23,6
2023-09-24,1
2023-09-25,3
2023-09-26,8
2023-09-27,0
2023-09-28,7
2023-09-29,35
2023-09-30,11
2023-10-01,3
2023-10-02,5
2023-10-03,2
2023-10-04,8
2023-10-05,9
2023-10-06,7
2023-10-07,11
2023-10-08,9
2023-10-09,1
2023-10-10,4
2023-10-11,8
2023-10-12,12
2023-10-13,1
2023-10-14,2
2023-10-15,5
2023-10-16,13
2023-10-17,23
2023-10-18,13
2023-10-19,3
2023-10-20,2
2023-10-21,4
2023-10-22,0
2023-10-23,5
2023-10-24,3
2023-10-25,2
2023-10-26,3
2023-10-27,4
2023-10-28,3
2023-10-29,2
2023-10-30,6
2023-10-31,3
2023-11-01,2
2023-11-02,1
2023-11-03,0
2023-11-04,7
2023-11-05,2
2023-11-06,13
2023-11-07,6
2023-11-08,0
2023-11-09,8
2023-11-10,4
2023-11-11,26
2023-11-12,0
2023-11-13,23
2023-11-14,9
2023-11-15,4
2023-11-16,12
2023-11-17,13
2023-11-18,5
2023-11-19,11
2023-11-20,18
2023-11-21,24
2023-11-22,6
2023-11-23,10
2023-11-24,9
2023-11-25,58
2023-11-26,44
2023-11-27,332
2023-11-28,359
2023-11-29,263
2023-11-30,202
2023-12-01,191
2023-12-02,79
2023-12-03,36
2023-12-04,42
2023-12-05,30
2023-12-06,36
2023-12-07,20
2023-12-08,14
2023-12-09,55
2023-12-10,56
2023-12-11,164
2023-12-12,168
2023-12-13,123
2023-12-14,97
2023-12-15,45
2023-12-16,50
2023-12-17,38
2023-12-18,90
2023-12-19,103
2023-12-20,81
2023-12-21,129
2023-12-22,49
2023-12-23,18
2023-12-24,36
2023-12-25,24
2023-12-26,57
2023-12-27,8
2023-12-28,25
